,if_phil,if_phob,if_total,sasa_phil_mut,sasa_phob_mut,sasa_total_mut
1JRH.mut.0.E27A_Repair.clean.pdb,75.91499999999996,271.09499999999935,347.01500000000124,7462.79,16415.59,23878.37
1JRH.mut.1.D28A_Repair.clean.pdb,75.59999999999991,271.7049999999999,347.3050000000003,7446.97,16452.91,23899.88
1JRH.mut.2.Y30A_Repair.clean.pdb,75.35500000000002,269.89999999999964,345.255000000001,7454.2,16438.66,23892.86
1JRH.mut.3.K47A_Repair.clean.pdb,75.61999999999989,272.1900000000005,347.8100000000013,7425.55,16448.27,23873.82
1JRH.mut.4.Y32A_Repair.clean.pdb,77.46000000000004,269.76500000000124,347.22500000000036,7479.21,16403.87,23883.08
1JRH.mut.5.W53A_Repair.clean.pdb,74.31500000000005,273.98499999999876,348.2950000000019,7435.47,16526.24,23961.71
1JRH.mut.6.D54A_Repair.clean.pdb,74.49000000000024,274.4400000000005,348.9349999999995,7454.08,16438.54,23892.61
1JRH.mut.7.D56A_Repair.clean.pdb,75.44999999999982,272.3199999999997,347.77000000000044,7460.43,16428.27,23888.7
1JRH.mut.8.Y99A_Repair.clean.pdb,95.43499999999995,245.27499999999964,340.71000000000095,7474.03,16416.86,23890.89
1JRH.mut.9.N79A_Repair.clean.pdb,76.40499999999975,272.9349999999995,349.34499999999935,7436.38,16468.9,23905.27
1JRH.mut.10.W82A_Repair.clean.pdb,74.58500000000004,274.60000000000036,349.1850000000013,7454.34,16500.87,23955.21
1JRH.mut.11.R84A_Repair.clean.pdb,74.29500000000007,274.6850000000013,348.9800000000014,7438.57,16458.05,23896.62
1JRH.mut.12.Y91A_Repair.clean.pdb,75.53999999999996,272.28000000000065,347.8199999999997,7420.33,16494.05,23914.38
1JRH.mut.13.W92A_Repair.clean.pdb,82.24499999999989,260.97999999999956,343.2300000000014,7431.33,16522.54,23953.87
1JRH.mut.14.K98A_Repair.clean.pdb,75.91999999999962,270.91499999999905,346.8349999999991,7448.52,16408.2,23856.72
1JRH.mut.15.W56F_Repair.clean.pdb,82.05999999999995,264.9950000000008,347.0550000000003,7461.56,16457.27,23918.83
1VFB.mut.25.H30A_Repair.clean.pdb,76.41499999999996,288.09499999999935,364.5100000000002,4716.53,12098.77,16815.29
1VFB.mut.27.T30A_Repair.clean.pdb,81.98000000000002,285.6950000000006,367.6749999999993,4711.09,12117.4,16828.49
1VFB.mut.29.T53A_Repair.clean.pdb,77.45000000000027,290.83500000000004,368.28499999999985,4706.53,12125.16,16831.69
1VFB.mut.31.R99A_Repair.clean.pdb,78.3100000000004,286.6849999999995,364.994999999999,4712.23,12093.54,16805.77
1VFB.mut.33.S93A_Repair.clean.pdb,82.69499999999971,284.89500000000044,367.59000000000015,4713.3,12125.68,16838.98
1VFB.mut.34.Y50F_Repair.clean.pdb,79.19000000000005,290.5,369.6900000000005,4695.01,12121.86,16816.87
1VFB.mut.35.Y32F_Repair.clean.pdb,80.65499999999975,287.4549999999999,368.1149999999998,4700.55,12116.01,16816.55
1AHW.mut.36.Y157A_Repair.clean.pdb,-3689.8599999999997,-11133.789999999999,-14823.66,15301.24,46556.92,61858.17
1AHW.mut.37.T167A_Repair.clean.pdb,-3676.665,-11153.41,-14830.085,15301.15,46542.35,61843.5
1AHW.mut.38.T170A_Repair.clean.pdb,-3685.5200000000004,-11140.935000000001,-14826.46,15303.52,46540.91,61844.43
1AHW.mut.39.D178A_Repair.clean.pdb,-3690.3600000000006,-11134.275,-14824.635,15335.29,46501.96,61837.25
1AHW.mut.40.T197A_Repair.clean.pdb,-3679.29,-11148.295000000002,-14827.59,15321.3,46512.41,61833.71
1AHW.mut.41.V198A_Repair.clean.pdb,-3696.99,-11134.449999999997,-14831.44,15280.24,46579.88,61860.11
1DVF.mut.49.Y101A_Repair.clean.pdb,72.40999999999985,290.6100000000006,363.02000000000044,5793.18,15047.14,20840.32
1DVF.mut.59.Q100A_Repair.clean.pdb,94.80499999999984,256.7550000000001,351.5599999999995,5795.79,15034.23,20830.02
1DVF.mut.63.N54A_Repair.clean.pdb,79.8449999999998,279.4449999999997,359.29499999999825,5841.64,14979.95,20821.58
1DVF.mut.64.I97A_Repair.clean.pdb,63.51500000000033,295.1099999999997,358.625,5767.4,15096.02,20863.42
1DVF.mut.65.Y98A_Repair.clean.pdb,100.26499999999987,244.7449999999999,345.0100000000002,5786.17,15065.22,20851.39
3HFM.mut.71.W98A_Repair.clean.pdb,85.09000000000015,378.2999999999993,463.3949999999986,7024.66,20088.97,27113.63
3HFM.mut.72.W98F_Repair.clean.pdb,88.33499999999958,378.7549999999992,467.09000000000196,7030.96,20058.16,27089.12
3HFM.mut.83.S100A_Repair.clean.pdb,93.69000000000005,374.0799999999999,467.7549999999992,7022.22,20057.23,27079.46
3HFM.mut.84.D101A_Repair.clean.pdb,106.56500000000005,349.7999999999993,456.3649999999998,7028.59,20048.43,27077.02
3HFM.mut.85.D101N_Repair.clean.pdb,83.18000000000029,385.1749999999993,468.35499999999956,6993.42,20085.18,27078.6
3HFM.mut.86.D101Q_Repair.clean.pdb,82.85500000000002,388.59499999999935,471.4449999999997,6991.67,20097.02,27088.69
3HFM.mut.87.D101R_Repair.clean.pdb,81.9699999999998,402.15999999999985,484.1200000000008,6986.64,20110.4,27097.05
3HFM.mut.88.D101S_Repair.clean.pdb,83.93499999999995,378.9850000000006,462.91499999999905,6996.84,20075.05,27071.89
3HFM.mut.89.H15A_Repair.clean.pdb,92.42999999999984,372.6350000000002,465.0599999999995,7025.06,20038.99,27064.05
3HFM.mut.90.N19D_Repair.clean.pdb,83.15000000000009,385.84499999999935,468.9899999999998,6993.84,20081.61,27075.45
3HFM.mut.91.N19K_Repair.clean.pdb,83.18000000000029,387.5699999999997,470.744999999999,6994.65,20121.49,27116.14
3HFM.mut.92.N19Q_Repair.clean.pdb,83.08500000000004,386.8899999999994,469.97500000000036,6993.25,20095.29,27088.53
3HFM.mut.94.Y20F_Repair.clean.pdb,94.82000000000016,371.28000000000065,466.0899999999983,7013.71,20038.6,27052.31
3HFM.mut.95.Y20L_Repair.clean.pdb,93.41499999999996,371.7000000000007,465.10999999999876,7013.17,20046.48,27059.65
3HFM.mut.97.R21E_Repair.clean.pdb,83.80500000000029,379.5450000000019,463.34499999999935,7000.93,20067.1,27068.03
3HFM.mut.98.R21H_Repair.clean.pdb,83.51499999999987,376.9800000000014,460.494999999999,6999.3,20063.85,27063.14
3HFM.mut.99.R21K_Repair.clean.pdb,84.11000000000013,379.6200000000008,463.72999999999956,7003.79,20090.16,27093.94
3HFM.mut.100.R21M_Repair.clean.pdb,106.86999999999989,354.5499999999993,461.4200000000001,7042.42,19993.29,27035.7
3HFM.mut.101.R21N_Repair.clean.pdb,83.7800000000002,376.4899999999998,460.2649999999994,7000.99,20051.13,27052.12
3HFM.mut.102.R21Q_Repair.clean.pdb,83.61500000000024,379.14500000000044,462.7549999999992,6999.42,20063.72,27063.14
3HFM.mut.103.R21W_Repair.clean.pdb,82.04500000000007,384.8299999999999,466.8749999999982,6982.93,20032.15,27015.08
3HFM.mut.104.W63A_Repair.clean.pdb,85.04500000000007,385.1150000000016,470.15999999999985,7021.27,20096.6,27117.86
3HFM.mut.105.R73A_Repair.clean.pdb,88.84000000000015,369.47500000000036,458.3099999999995,7024.62,20027.16,27051.78
3HFM.mut.106.L75A_Repair.clean.pdb,77.83500000000004,383.4950000000008,461.3249999999989,6991.38,20103.98,27095.36
3HFM.mut.107.T89A_Repair.clean.pdb,85.32000000000016,383.4750000000022,468.8000000000011,7041.53,20024.17,27065.69
3HFM.mut.108.N93A_Repair.clean.pdb,87.01000000000022,380.4300000000003,467.4349999999995,7035.53,20034.15,27069.69
3HFM.mut.109.K96R_Repair.clean.pdb,82.90499999999975,387.0600000000013,469.9599999999991,6986.35,20065.96,27052.31
3HFM.mut.112.K97R_Repair.clean.pdb,82.30000000000018,391.65999999999985,473.9549999999999,6988.76,20066.81,27055.57
3HFM.mut.113.I98A_Repair.clean.pdb,82.20000000000027,386.89500000000044,469.09000000000015,7000.96,20102.86,27103.82
